<ti:module
        xmlns:android="http://schemas.android.com/apk/res/android"
        xmlns:ti="http://ti.appcelerator.org">
    <android xmlns:android="http://schemas.android.com/apk/res/android">
        <manifest>
            <application>
            	<receiver android:name="bencoding.alarmmanager.AlarmNotificationListener" />
            	<receiver android:name="bencoding.alarmmanager.AlarmServiceListener" />
            </application>
            <uses-permission android:name="android.permission.WAKE_LOCK" />
            <uses-permission android:name="android.permission.REQUEST_IGNORE_BATTERY_OPTIMIZATIONS" />
        </manifest>
    </android>
</ti:module>
